Date,Close
2010-01-04 00:00:00+05:30,5244.75
2010-01-11 00:00:00+05:30,5252.2001953125
2010-01-18 00:00:00+05:30,5036.0
2010-01-25 00:00:00+05:30,4882.0498046875
2010-02-01 00:00:00+05:30,4718.64990234375
2010-02-08 00:00:00+05:30,4826.85009765625
2010-02-15 00:00:00+05:30,4844.89990234375
2010-02-22 00:00:00+05:30,4922.2998046875
2010-03-01 00:00:00+05:30,5088.7001953125
2010-03-08 00:00:00+05:30,5137.0
2010-03-15 00:00:00+05:30,5262.7998046875
2010-03-22 00:00:00+05:30,5282.0
2010-03-29 00:00:00+05:30,5290.5
2010-04-05 00:00:00+05:30,5361.75
2010-04-12 00:00:00+05:30,5262.60009765625
2010-04-19 00:00:00+05:30,5304.10009765625
2010-04-26 00:00:00+05:30,5278.0
2010-05-03 00:00:00+05:30,5018.0498046875
2010-05-10 00:00:00+05:30,5093.5
2010-05-17 00:00:00+05:30,4931.14990234375
2010-05-24 00:00:00+05:30,5066.5498046875
2010-05-31 00:00:00+05:30,5135.5
2010-06-07 00:00:00+05:30,5119.35009765625
2010-06-14 00:00:00+05:30,5262.60009765625
2010-06-21 00:00:00+05:30,5269.0498046875
2010-06-28 00:00:00+05:30,5237.10009765625
2010-07-05 00:00:00+05:30,5352.4501953125
2010-07-12 00:00:00+05:30,5393.89990234375
2010-07-19 00:00:00+05:30,5449.10009765625
2010-07-26 00:00:00+05:30,5367.60009765625
2010-08-02 00:00:00+05:30,5439.25
2010-08-09 00:00:00+05:30,5452.10009765625
2010-08-16 00:00:00+05:30,5530.64990234375
2010-08-23 00:00:00+05:30,5408.7001953125
2010-08-30 00:00:00+05:30,5479.39990234375
2010-09-06 00:00:00+05:30,5640.0498046875
2010-09-13 00:00:00+05:30,5884.9501953125
2010-09-20 00:00:00+05:30,6018.2998046875
2010-09-27 00:00:00+05:30,6143.39990234375
2010-10-04 00:00:00+05:30,6103.4501953125
2010-10-11 00:00:00+05:30,6062.64990234375
2010-10-18 00:00:00+05:30,6066.0498046875
2010-10-25 00:00:00+05:30,6017.7001953125
2010-11-01 00:00:00+05:30,6312.4501953125
2010-11-08 00:00:00+05:30,6071.64990234375
2010-11-15 00:00:00+05:30,5890.2998046875
2010-11-22 00:00:00+05:30,5751.9501953125
2010-11-29 00:00:00+05:30,5992.7998046875
2010-12-06 00:00:00+05:30,5857.35009765625
2010-12-13 00:00:00+05:30,5948.75
2010-12-20 00:00:00+05:30,6011.60009765625
2010-12-27 00:00:00+05:30,6134.5
2011-01-03 00:00:00+05:30,5904.60009765625
2011-01-10 00:00:00+05:30,5654.5498046875
2011-01-17 00:00:00+05:30,5696.5
2011-01-24 00:00:00+05:30,5512.14990234375
2011-01-31 00:00:00+05:30,5395.75
2011-02-07 00:00:00+05:30,5310.0
2011-02-14 00:00:00+05:30,5458.9501953125
2011-02-21 00:00:00+05:30,5303.5498046875
2011-02-28 00:00:00+05:30,5538.75
2011-03-07 00:00:00+05:30,5445.4501953125
2011-03-14 00:00:00+05:30,5373.7001953125
2011-03-21 00:00:00+05:30,5654.25
2011-03-28 00:00:00+05:30,5826.0498046875
2011-04-04 00:00:00+05:30,5842.0
2011-04-11 00:00:00+05:30,5824.5498046875
2011-04-18 00:00:00+05:30,5884.7001953125
2011-04-25 00:00:00+05:30,5749.5
2011-05-02 00:00:00+05:30,5551.4501953125
2011-05-09 00:00:00+05:30,5544.75
2011-05-16 00:00:00+05:30,5486.35009765625
2011-05-23 00:00:00+05:30,5476.10009765625
2011-05-30 00:00:00+05:30,5516.75
2011-06-06 00:00:00+05:30,5485.7998046875
2011-06-13 00:00:00+05:30,5366.39990234375
2011-06-20 00:00:00+05:30,5471.25
2011-06-27 00:00:00+05:30,5627.2001953125
2011-07-04 00:00:00+05:30,5660.64990234375
2011-07-11 00:00:00+05:30,5581.10009765625
2011-07-18 00:00:00+05:30,5633.9501953125
2011-07-25 00:00:00+05:30,5482.0
2011-08-01 00:00:00+05:30,5211.25
2011-08-08 00:00:00+05:30,5072.9501953125
2011-08-15 00:00:00+05:30,4845.64990234375
2011-08-22 00:00:00+05:30,4747.7998046875
2011-08-29 00:00:00+05:30,5040.0
2011-09-05 00:00:00+05:30,5059.4501953125
2011-09-12 00:00:00+05:30,5084.25
2011-09-19 00:00:00+05:30,4867.75
2011-09-26 00:00:00+05:30,4943.25
2011-10-03 00:00:00+05:30,4888.0498046875
2011-10-10 00:00:00+05:30,5132.2998046875
2011-10-17 00:00:00+05:30,5049.9501953125
2011-10-24 00:00:00+05:30,5360.7001953125
2011-10-31 00:00:00+05:30,5284.2001953125
2011-11-07 00:00:00+05:30,5168.85009765625
2011-11-14 00:00:00+05:30,4905.7998046875
2011-11-21 00:00:00+05:30,4710.0498046875
2011-11-28 00:00:00+05:30,5050.14990234375
2011-12-05 00:00:00+05:30,4866.7001953125
2011-12-12 00:00:00+05:30,4651.60009765625
2011-12-19 00:00:00+05:30,4714.0
2011-12-26 00:00:00+05:30,4624.2998046875
2012-01-02 00:00:00+05:30,4754.10009765625
2012-01-09 00:00:00+05:30,4866.0
2012-01-16 00:00:00+05:30,5048.60009765625
2012-01-23 00:00:00+05:30,5204.7001953125
2012-01-30 00:00:00+05:30,5325.85009765625
2012-02-06 00:00:00+05:30,5381.60009765625
2012-02-13 00:00:00+05:30,5564.2998046875
2012-02-20 00:00:00+05:30,5429.2998046875
2012-02-27 00:00:00+05:30,5359.35009765625
2012-03-05 00:00:00+05:30,5333.5498046875
2012-03-12 00:00:00+05:30,5317.89990234375
2012-03-19 00:00:00+05:30,5278.2001953125
2012-03-26 00:00:00+05:30,5295.5498046875
2012-04-02 00:00:00+05:30,5322.89990234375
2012-04-09 00:00:00+05:30,5207.4501953125
2012-04-16 00:00:00+05:30,5290.85009765625
2012-04-23 00:00:00+05:30,5190.60009765625
2012-04-30 00:00:00+05:30,5086.85009765625
2012-05-07 00:00:00+05:30,4928.89990234375
2012-05-14 00:00:00+05:30,4891.4501953125
2012-05-21 00:00:00+05:30,4920.39990234375
2012-05-28 00:00:00+05:30,4841.60009765625
2012-06-04 00:00:00+05:30,5068.35009765625
2012-06-11 00:00:00+05:30,5139.0498046875
2012-06-18 00:00:00+05:30,5146.0498046875
2012-06-25 00:00:00+05:30,5278.89990234375
2012-07-02 00:00:00+05:30,5316.9501953125
2012-07-09 00:00:00+05:30,5227.25
2012-07-16 00:00:00+05:30,5205.10009765625
2012-07-23 00:00:00+05:30,5099.85009765625
2012-07-30 00:00:00+05:30,5215.7001953125
2012-08-06 00:00:00+05:30,5320.39990234375
2012-08-13 00:00:00+05:30,5366.2998046875
2012-08-20 00:00:00+05:30,5386.7001953125
2012-08-27 00:00:00+05:30,5258.5
2012-09-03 00:00:00+05:30,5342.10009765625
2012-09-10 00:00:00+05:30,5577.64990234375
2012-09-17 00:00:00+05:30,5691.14990234375
2012-09-24 00:00:00+05:30,5703.2998046875
2012-10-01 00:00:00+05:30,5746.9501953125
2012-10-08 00:00:00+05:30,5676.0498046875
2012-10-15 00:00:00+05:30,5684.25
2012-10-22 00:00:00+05:30,5664.2998046875
2012-10-29 00:00:00+05:30,5697.7001953125
2012-11-05 00:00:00+05:30,5686.25
2012-11-12 00:00:00+05:30,5574.0498046875
2012-11-19 00:00:00+05:30,5626.60009765625
2012-11-26 00:00:00+05:30,5879.85009765625
2012-12-03 00:00:00+05:30,5907.39990234375
2012-12-10 00:00:00+05:30,5879.60009765625
2012-12-17 00:00:00+05:30,5847.7001953125
2012-12-24 00:00:00+05:30,5908.35009765625
2012-12-31 00:00:00+05:30,6016.14990234375
2013-01-07 00:00:00+05:30,5951.2998046875
2013-01-14 00:00:00+05:30,6064.39990234375
2013-01-21 00:00:00+05:30,6074.64990234375
2013-01-28 00:00:00+05:30,5998.89990234375
2013-02-04 00:00:00+05:30,5903.5
2013-02-11 00:00:00+05:30,5887.39990234375
2013-02-18 00:00:00+05:30,5850.2998046875
2013-02-25 00:00:00+05:30,5719.7001953125
2013-03-04 00:00:00+05:30,5945.7001953125
2013-03-11 00:00:00+05:30,5872.60009765625
2013-03-18 00:00:00+05:30,5651.35009765625
2013-03-25 00:00:00+05:30,5682.5498046875
2013-04-01 00:00:00+05:30,5553.25
2013-04-08 00:00:00+05:30,5528.5498046875
2013-04-15 00:00:00+05:30,5783.10009765625
2013-04-22 00:00:00+05:30,5871.4501953125
2013-04-29 00:00:00+05:30,5944.0
2013-05-06 00:00:00+05:30,6094.75
2013-05-13 00:00:00+05:30,6187.2998046875
2013-05-20 00:00:00+05:30,5983.5498046875
2013-05-27 00:00:00+05:30,5985.9501953125
2013-06-03 00:00:00+05:30,5881.0
2013-06-10 00:00:00+05:30,5808.39990234375
2013-06-17 00:00:00+05:30,5667.64990234375
2013-06-24 00:00:00+05:30,5842.2001953125
2013-07-01 00:00:00+05:30,5867.89990234375
2013-07-08 00:00:00+05:30,6009.0
2013-07-15 00:00:00+05:30,6029.2001953125
2013-07-22 00:00:00+05:30,5886.2001953125
2013-07-29 00:00:00+05:30,5677.89990234375
2013-08-05 00:00:00+05:30,5565.64990234375
2013-08-12 00:00:00+05:30,5507.85009765625
2013-08-19 00:00:00+05:30,5471.75
2013-08-26 00:00:00+05:30,5471.7998046875
2013-09-02 00:00:00+05:30,5680.39990234375
2013-09-09 00:00:00+05:30,5850.60009765625
2013-09-16 00:00:00+05:30,6012.10009765625
2013-09-23 00:00:00+05:30,5833.2001953125
2013-09-30 00:00:00+05:30,5907.2998046875
2013-10-07 00:00:00+05:30,6096.2001953125
2013-10-14 00:00:00+05:30,6189.35009765625
2013-10-21 00:00:00+05:30,6144.89990234375
2013-10-28 00:00:00+05:30,6307.2001953125
2013-11-04 00:00:00+05:30,6140.75
2013-11-11 00:00:00+05:30,6056.14990234375
2013-11-18 00:00:00+05:30,5995.4501953125
2013-11-25 00:00:00+05:30,6176.10009765625
2013-12-02 00:00:00+05:30,6259.89990234375
2013-12-09 00:00:00+05:30,6168.39990234375
2013-12-16 00:00:00+05:30,6274.25
2013-12-23 00:00:00+05:30,6313.7998046875
2013-12-30 00:00:00+05:30,6211.14990234375
2014-01-06 00:00:00+05:30,6171.4501953125
2014-01-13 00:00:00+05:30,6261.64990234375
2014-01-20 00:00:00+05:30,6266.75
2014-01-27 00:00:00+05:30,6089.5
2014-02-03 00:00:00+05:30,6063.2001953125
2014-02-10 00:00:00+05:30,6048.35009765625
2014-02-17 00:00:00+05:30,6155.4501953125
2014-02-24 00:00:00+05:30,6276.9501953125
2014-03-03 00:00:00+05:30,6526.64990234375
2014-03-10 00:00:00+05:30,6504.2001953125
2014-03-17 00:00:00+05:30,6493.2001953125
2014-03-24 00:00:00+05:30,6695.89990234375
2014-03-31 00:00:00+05:30,6694.35009765625
2014-04-07 00:00:00+05:30,6776.2998046875
2014-04-14 00:00:00+05:30,6779.39990234375
2014-04-21 00:00:00+05:30,6782.75
2014-04-28 00:00:00+05:30,6694.7998046875
2014-05-05 00:00:00+05:30,6858.7998046875
2014-05-12 00:00:00+05:30,7203.0
2014-05-19 00:00:00+05:30,7367.10009765625
2014-05-26 00:00:00+05:30,7229.9501953125
2014-06-02 00:00:00+05:30,7583.39990234375
2014-06-09 00:00:00+05:30,7542.10009765625
2014-06-16 00:00:00+05:30,7511.4501953125
2014-06-23 00:00:00+05:30,7508.7998046875
2014-06-30 00:00:00+05:30,7751.60009765625
2014-07-07 00:00:00+05:30,7459.60009765625
2014-07-14 00:00:00+05:30,7663.89990234375
2014-07-21 00:00:00+05:30,7790.4501953125
2014-07-28 00:00:00+05:30,7602.60009765625
2014-08-04 00:00:00+05:30,7568.5498046875
2014-08-11 00:00:00+05:30,7791.7001953125
2014-08-18 00:00:00+05:30,7913.2001953125
2014-08-25 00:00:00+05:30,7954.35009765625
2014-09-01 00:00:00+05:30,8086.85009765625
2014-09-08 00:00:00+05:30,8105.5
2014-09-15 00:00:00+05:30,8121.4501953125
2014-09-22 00:00:00+05:30,7968.85009765625
2014-09-29 00:00:00+05:30,7945.5498046875
2014-10-06 00:00:00+05:30,7859.9501953125
2014-10-13 00:00:00+05:30,7779.7001953125
2014-10-20 00:00:00+05:30,8014.5498046875
2014-10-27 00:00:00+05:30,8322.2001953125
2014-11-03 00:00:00+05:30,8337.0
2014-11-10 00:00:00+05:30,8389.900390625
2014-11-17 00:00:00+05:30,8477.349609375
2014-11-24 00:00:00+05:30,8588.25
2014-12-01 00:00:00+05:30,8538.2998046875
2014-12-08 00:00:00+05:30,8224.099609375
2014-12-15 00:00:00+05:30,8225.2001953125
2014-12-22 00:00:00+05:30,8200.7001953125
2014-12-29 00:00:00+05:30,8395.4501953125
2015-01-05 00:00:00+05:30,8284.5
2015-01-12 00:00:00+05:30,8513.7998046875
2015-01-19 00:00:00+05:30,8835.599609375
2015-01-26 00:00:00+05:30,8808.900390625
2015-02-02 00:00:00+05:30,8661.0498046875
2015-02-09 00:00:00+05:30,8805.5
2015-02-16 00:00:00+05:30,8833.599609375
2015-02-23 00:00:00+05:30,8844.599609375
2015-03-02 00:00:00+05:30,8937.75
2015-03-09 00:00:00+05:30,8647.75
2015-03-16 00:00:00+05:30,8570.900390625
2015-03-23 00:00:00+05:30,8341.400390625
2015-03-30 00:00:00+05:30,8586.25
2015-04-06 00:00:00+05:30,8780.349609375
2015-04-13 00:00:00+05:30,8606.0
2015-04-20 00:00:00+05:30,8305.25
2015-04-27 00:00:00+05:30,8181.5
2015-05-04 00:00:00+05:30,8191.5
2015-05-11 00:00:00+05:30,8262.349609375
2015-05-18 00:00:00+05:30,8458.9501953125
2015-05-25 00:00:00+05:30,8433.650390625
2015-06-01 00:00:00+05:30,8114.7001953125
2015-06-08 00:00:00+05:30,7982.89990234375
2015-06-15 00:00:00+05:30,8224.9501953125
2015-06-22 00:00:00+05:30,8381.099609375
2015-06-29 00:00:00+05:30,8484.900390625
2015-07-06 00:00:00+05:30,8360.5498046875
2015-07-13 00:00:00+05:30,8609.849609375
2015-07-20 00:00:00+05:30,8521.5498046875
2015-07-27 00:00:00+05:30,8532.849609375
2015-08-03 00:00:00+05:30,8564.599609375
2015-08-10 00:00:00+05:30,8518.5498046875
2015-08-17 00:00:00+05:30,8299.9501953125
2015-08-24 00:00:00+05:30,8001.9501953125
2015-08-31 00:00:00+05:30,7655.0498046875
2015-09-07 00:00:00+05:30,7789.2998046875
2015-09-14 00:00:00+05:30,7981.89990234375
2015-09-21 00:00:00+05:30,7868.5
2015-09-28 00:00:00+05:30,7950.89990234375
2015-10-05 00:00:00+05:30,8189.7001953125
2015-10-12 00:00:00+05:30,8238.150390625
2015-10-19 00:00:00+05:30,8295.4501953125
2015-10-26 00:00:00+05:30,8065.7998046875
2015-11-02 00:00:00+05:30,7954.2998046875
2015-11-09 00:00:00+05:30,7762.25
2015-11-16 00:00:00+05:30,7856.5498046875
2015-11-23 00:00:00+05:30,7942.7001953125
2015-11-30 00:00:00+05:30,7781.89990234375
2015-12-07 00:00:00+05:30,7610.4501953125
2015-12-14 00:00:00+05:30,7761.9501953125
2015-12-21 00:00:00+05:30,7861.0498046875
2015-12-28 00:00:00+05:30,7946.35009765625
2016-01-04 00:00:00+05:30,7601.35009765625
2016-01-11 00:00:00+05:30,7437.7998046875
2016-01-18 00:00:00+05:30,7422.4501953125
2016-01-25 00:00:00+05:30,7563.5498046875
2016-02-01 00:00:00+05:30,7489.10009765625
2016-02-08 00:00:00+05:30,6980.9501953125
2016-02-15 00:00:00+05:30,7210.75
2016-02-22 00:00:00+05:30,7029.75
2016-02-29 00:00:00+05:30,7485.35009765625
2016-03-07 00:00:00+05:30,7510.2001953125
2016-03-14 00:00:00+05:30,7604.35009765625
2016-03-21 00:00:00+05:30,7716.5
2016-03-28 00:00:00+05:30,7713.0498046875
2016-04-04 00:00:00+05:30,7555.2001953125
2016-04-11 00:00:00+05:30,7850.4501953125
2016-04-18 00:00:00+05:30,7899.2998046875
2016-04-25 00:00:00+05:30,7849.7998046875
2016-05-02 00:00:00+05:30,7733.4501953125
2016-05-09 00:00:00+05:30,7814.89990234375
2016-05-16 00:00:00+05:30,7749.7001953125
2016-05-23 00:00:00+05:30,8156.64990234375
2016-05-30 00:00:00+05:30,8220.7998046875
2016-06-06 00:00:00+05:30,8170.0498046875
2016-06-13 00:00:00+05:30,8170.2001953125
2016-06-20 00:00:00+05:30,8088.60009765625
2016-06-27 00:00:00+05:30,8328.349609375
2016-07-04 00:00:00+05:30,8323.2001953125
2016-07-11 00:00:00+05:30,8541.400390625
2016-07-18 00:00:00+05:30,8541.2001953125
2016-07-25 00:00:00+05:30,8638.5
2016-08-01 00:00:00+05:30,8683.150390625
2016-08-08 00:00:00+05:30,8592.150390625
2016-08-15 00:00:00+05:30,8666.900390625
2016-08-22 00:00:00+05:30,8572.5498046875
2016-08-29 00:00:00+05:30,8809.650390625
2016-09-05 00:00:00+05:30,8866.7001953125
2016-09-12 00:00:00+05:30,8779.849609375
2016-09-19 00:00:00+05:30,8831.5498046875
2016-09-26 00:00:00+05:30,8611.150390625
2016-10-03 00:00:00+05:30,8697.599609375
2016-10-10 00:00:00+05:30,8583.400390625
2016-10-17 00:00:00+05:30,8693.0498046875
2016-10-24 00:00:00+05:30,8638.0
2016-10-31 00:00:00+05:30,8433.75
2016-11-07 00:00:00+05:30,8296.2998046875
2016-11-14 00:00:00+05:30,8074.10009765625
2016-11-21 00:00:00+05:30,8114.2998046875
2016-11-28 00:00:00+05:30,8086.7998046875
2016-12-05 00:00:00+05:30,8261.75
2016-12-12 00:00:00+05:30,8139.4501953125
2016-12-19 00:00:00+05:30,7985.75
2016-12-26 00:00:00+05:30,8185.7998046875
2017-01-02 00:00:00+05:30,8243.7998046875
2017-01-09 00:00:00+05:30,8400.349609375
2017-01-16 00:00:00+05:30,8349.349609375
2017-01-23 00:00:00+05:30,8641.25
2017-01-30 00:00:00+05:30,8740.9501953125
2017-02-06 00:00:00+05:30,8793.5498046875
2017-02-13 00:00:00+05:30,8821.7001953125
2017-02-20 00:00:00+05:30,8939.5
2017-02-27 00:00:00+05:30,8897.5498046875
2017-03-06 00:00:00+05:30,8934.5498046875
2017-03-13 00:00:00+05:30,9160.0498046875
2017-03-20 00:00:00+05:30,9108.0
2017-03-27 00:00:00+05:30,9173.75
2017-04-03 00:00:00+05:30,9198.2998046875
2017-04-10 00:00:00+05:30,9150.7998046875
2017-04-17 00:00:00+05:30,9119.400390625
2017-04-24 00:00:00+05:30,9304.0498046875
2017-05-01 00:00:00+05:30,9285.2998046875
2017-05-08 00:00:00+05:30,9400.900390625
2017-05-15 00:00:00+05:30,9427.900390625
2017-05-22 00:00:00+05:30,9595.099609375
2017-05-29 00:00:00+05:30,9653.5
2017-06-05 00:00:00+05:30,9668.25
2017-06-12 00:00:00+05:30,9588.0498046875
2017-06-19 00:00:00+05:30,9574.9501953125
2017-06-26 00:00:00+05:30,9520.900390625
2017-07-03 00:00:00+05:30,9665.7998046875
2017-07-10 00:00:00+05:30,9886.349609375
2017-07-17 00:00:00+05:30,9915.25
2017-07-24 00:00:00+05:30,10014.5
2017-07-31 00:00:00+05:30,10066.400390625
2017-08-07 00:00:00+05:30,9710.7998046875
2017-08-14 00:00:00+05:30,9837.400390625
2017-08-21 00:00:00+05:30,9857.0498046875
2017-08-28 00:00:00+05:30,9974.400390625
2017-09-04 00:00:00+05:30,9934.7998046875
2017-09-11 00:00:00+05:30,10085.400390625
2017-09-18 00:00:00+05:30,9964.400390625
2017-09-25 00:00:00+05:30,9788.599609375
2017-10-02 00:00:00+05:30,9979.7001953125
2017-10-09 00:00:00+05:30,10167.4501953125
2017-10-16 00:00:00+05:30,10146.5498046875
2017-10-23 00:00:00+05:30,10323.0498046875
2017-10-30 00:00:00+05:30,10452.5
2017-11-06 00:00:00+05:30,10321.75
2017-11-13 00:00:00+05:30,10283.599609375
2017-11-20 00:00:00+05:30,10389.7001953125
2017-11-27 00:00:00+05:30,10121.7998046875
2017-12-04 00:00:00+05:30,10265.650390625
2017-12-11 00:00:00+05:30,10333.25
2017-12-18 00:00:00+05:30,10493.0
2017-12-25 00:00:00+05:30,10530.7001953125
2018-01-01 00:00:00+05:30,10558.849609375
2018-01-08 00:00:00+05:30,10681.25
2018-01-15 00:00:00+05:30,10894.7001953125
2018-01-22 00:00:00+05:30,11069.650390625
2018-01-29 00:00:00+05:30,10760.599609375
2018-02-05 00:00:00+05:30,10454.9501953125
2018-02-12 00:00:00+05:30,10452.2998046875
2018-02-19 00:00:00+05:30,10491.0498046875
2018-02-26 00:00:00+05:30,10458.349609375
2018-03-05 00:00:00+05:30,10226.849609375
2018-03-12 00:00:00+05:30,10195.150390625
2018-03-19 00:00:00+05:30,9998.0498046875
2018-03-26 00:00:00+05:30,10113.7001953125
2018-04-02 00:00:00+05:30,10331.599609375
2018-04-09 00:00:00+05:30,10480.599609375
2018-04-16 00:00:00+05:30,10564.0498046875
2018-04-23 00:00:00+05:30,10692.2998046875
2018-04-30 00:00:00+05:30,10618.25
2018-05-07 00:00:00+05:30,10806.5
2018-05-14 00:00:00+05:30,10596.400390625
2018-05-21 00:00:00+05:30,10605.150390625
2018-05-28 00:00:00+05:30,10696.2001953125
2018-06-04 00:00:00+05:30,10767.650390625
2018-06-11 00:00:00+05:30,10817.7001953125
2018-06-18 00:00:00+05:30,10821.849609375
2018-06-25 00:00:00+05:30,10714.2998046875
2018-07-02 00:00:00+05:30,10772.650390625
2018-07-09 00:00:00+05:30,11018.900390625
2018-07-16 00:00:00+05:30,11010.2001953125
2018-07-23 00:00:00+05:30,11278.349609375
2018-07-30 00:00:00+05:30,11360.7998046875
2018-08-06 00:00:00+05:30,11429.5
2018-08-13 00:00:00+05:30,11470.75
2018-08-20 00:00:00+05:30,11557.099609375
2018-08-27 00:00:00+05:30,11680.5
2018-09-03 00:00:00+05:30,11589.099609375
2018-09-10 00:00:00+05:30,11515.2001953125
2018-09-17 00:00:00+05:30,11143.099609375
2018-09-24 00:00:00+05:30,10930.4501953125
2018-10-01 00:00:00+05:30,10316.4501953125
2018-10-08 00:00:00+05:30,10472.5
2018-10-15 00:00:00+05:30,10303.5498046875
2018-10-22 00:00:00+05:30,10030.0
2018-10-29 00:00:00+05:30,10553.0
2018-11-05 00:00:00+05:30,10585.2001953125
2018-11-12 00:00:00+05:30,10682.2001953125
2018-11-19 00:00:00+05:30,10526.75
2018-11-26 00:00:00+05:30,10876.75
2018-12-03 00:00:00+05:30,10693.7001953125
2018-12-10 00:00:00+05:30,10805.4501953125
2018-12-17 00:00:00+05:30,10754.0
2018-12-24 00:00:00+05:30,10859.900390625
2018-12-31 00:00:00+05:30,10727.349609375
2019-01-07 00:00:00+05:30,10794.9501953125
2019-01-14 00:00:00+05:30,10906.9501953125
2019-01-21 00:00:00+05:30,10780.5498046875
2019-01-28 00:00:00+05:30,10893.650390625
2019-02-04 00:00:00+05:30,10943.599609375
2019-02-11 00:00:00+05:30,10724.400390625
2019-02-18 00:00:00+05:30,10791.650390625
2019-02-25 00:00:00+05:30,10863.5
2019-03-04 00:00:00+05:30,11035.400390625
2019-03-11 00:00:00+05:30,11426.849609375
2019-03-18 00:00:00+05:30,11456.900390625
2019-03-25 00:00:00+05:30,11623.900390625
2019-04-01 00:00:00+05:30,11665.9501953125
2019-04-08 00:00:00+05:30,11643.4501953125
2019-04-15 00:00:00+05:30,11752.7998046875
2019-04-22 00:00:00+05:30,11754.650390625
2019-04-29 00:00:00+05:30,11712.25
2019-05-06 00:00:00+05:30,11278.900390625
2019-05-13 00:00:00+05:30,11407.150390625
2019-05-20 00:00:00+05:30,11844.099609375
2019-05-27 00:00:00+05:30,11922.7998046875
2019-06-03 00:00:00+05:30,11870.650390625
2019-06-10 00:00:00+05:30,11823.2998046875
2019-06-17 00:00:00+05:30,11724.099609375
2019-06-24 00:00:00+05:30,11788.849609375
2019-07-01 00:00:00+05:30,11811.150390625
2019-07-08 00:00:00+05:30,11552.5
2019-07-15 00:00:00+05:30,11419.25
2019-07-22 00:00:00+05:30,11284.2998046875
2019-07-29 00:00:00+05:30,10997.349609375
2019-08-05 00:00:00+05:30,11109.650390625
2019-08-12 00:00:00+05:30,11047.7998046875
2019-08-19 00:00:00+05:30,10829.349609375
2019-08-26 00:00:00+05:30,11023.25
2019-09-02 00:00:00+05:30,10946.2001953125
2019-09-09 00:00:00+05:30,11075.900390625
2019-09-16 00:00:00+05:30,11274.2001953125
2019-09-23 00:00:00+05:30,11512.400390625
2019-09-30 00:00:00+05:30,11174.75
2019-10-07 00:00:00+05:30,11305.0498046875
2019-10-14 00:00:00+05:30,11661.849609375
2019-10-21 00:00:00+05:30,11583.900390625
2019-10-28 00:00:00+05:30,11890.599609375
2019-11-04 00:00:00+05:30,11908.150390625
2019-11-11 00:00:00+05:30,11895.4501953125
2019-11-18 00:00:00+05:30,11914.400390625
2019-11-25 00:00:00+05:30,12056.0498046875
2019-12-02 00:00:00+05:30,11921.5
2019-12-09 00:00:00+05:30,12086.7001953125
2019-12-16 00:00:00+05:30,12271.7998046875
2019-12-23 00:00:00+05:30,12245.7998046875
2019-12-30 00:00:00+05:30,12226.650390625
2020-01-06 00:00:00+05:30,12256.7998046875
2020-01-13 00:00:00+05:30,12352.349609375
2020-01-20 00:00:00+05:30,12248.25
2020-01-27 00:00:00+05:30,11962.099609375
2020-02-03 00:00:00+05:30,12098.349609375
2020-02-10 00:00:00+05:30,12113.4501953125
2020-02-17 00:00:00+05:30,12080.849609375
2020-02-24 00:00:00+05:30,11201.75
2020-03-02 00:00:00+05:30,10989.4501953125
2020-03-09 00:00:00+05:30,9955.2001953125
2020-03-16 00:00:00+05:30,8745.4501953125
2020-03-23 00:00:00+05:30,8660.25
2020-03-30 00:00:00+05:30,8083.7998046875
2020-04-06 00:00:00+05:30,9111.900390625
2020-04-13 00:00:00+05:30,9266.75
2020-04-20 00:00:00+05:30,9154.400390625
2020-04-27 00:00:00+05:30,9859.900390625
2020-05-04 00:00:00+05:30,9251.5
2020-05-11 00:00:00+05:30,9136.849609375
2020-05-18 00:00:00+05:30,9039.25
2020-05-25 00:00:00+05:30,9580.2998046875
2020-06-01 00:00:00+05:30,10142.150390625
2020-06-08 00:00:00+05:30,9972.900390625
2020-06-15 00:00:00+05:30,10244.400390625
2020-06-22 00:00:00+05:30,10383.0
2020-06-29 00:00:00+05:30,10607.349609375
2020-07-06 00:00:00+05:30,10768.0498046875
2020-07-13 00:00:00+05:30,10901.7001953125
2020-07-20 00:00:00+05:30,11194.150390625
2020-07-27 00:00:00+05:30,11073.4501953125
2020-08-03 00:00:00+05:30,11214.0498046875
2020-08-10 00:00:00+05:30,11178.400390625
2020-08-17 00:00:00+05:30,11371.599609375
2020-08-24 00:00:00+05:30,11647.599609375
2020-08-31 00:00:00+05:30,11333.849609375
2020-09-07 00:00:00+05:30,11464.4501953125
2020-09-14 00:00:00+05:30,11504.9501953125
2020-09-21 00:00:00+05:30,11050.25
2020-09-28 00:00:00+05:30,11416.9501953125
2020-10-05 00:00:00+05:30,11914.2001953125
2020-10-12 00:00:00+05:30,11762.4501953125
2020-10-19 00:00:00+05:30,11930.349609375
2020-10-26 00:00:00+05:30,11642.400390625
2020-11-02 00:00:00+05:30,12263.5498046875
2020-11-09 00:00:00+05:30,12719.9501953125
2020-11-16 00:00:00+05:30,12859.0498046875
2020-11-23 00:00:00+05:30,12968.9501953125
2020-11-30 00:00:00+05:30,13258.5498046875
2020-12-07 00:00:00+05:30,13513.849609375
2020-12-14 00:00:00+05:30,13760.5498046875
2020-12-21 00:00:00+05:30,13749.25
2020-12-28 00:00:00+05:30,14018.5
2021-01-04 00:00:00+05:30,14347.25
2021-01-11 00:00:00+05:30,14433.7001953125
2021-01-18 00:00:00+05:30,14371.900390625
2021-01-25 00:00:00+05:30,13634.599609375
2021-02-01 00:00:00+05:30,14924.25
2021-02-08 00:00:00+05:30,15163.2998046875
2021-02-15 00:00:00+05:30,14981.75
2021-02-22 00:00:00+05:30,14529.150390625
2021-03-01 00:00:00+05:30,14938.099609375
2021-03-08 00:00:00+05:30,15030.9501953125
2021-03-15 00:00:00+05:30,14744.0
2021-03-22 00:00:00+05:30,14507.2998046875
2021-03-29 00:00:00+05:30,14867.349609375
2021-04-05 00:00:00+05:30,14834.849609375
2021-04-12 00:00:00+05:30,14617.849609375
2021-04-19 00:00:00+05:30,14341.349609375
2021-04-26 00:00:00+05:30,14631.099609375
2021-05-03 00:00:00+05:30,14823.150390625
2021-05-10 00:00:00+05:30,14677.7998046875
2021-05-17 00:00:00+05:30,15175.2998046875
2021-05-24 00:00:00+05:30,15435.650390625
2021-05-31 00:00:00+05:30,15670.25
2021-06-07 00:00:00+05:30,15799.349609375
2021-06-14 00:00:00+05:30,15683.349609375
2021-06-21 00:00:00+05:30,15860.349609375
2021-06-28 00:00:00+05:30,15722.2001953125
2021-07-05 00:00:00+05:30,15689.7998046875
2021-07-12 00:00:00+05:30,15923.400390625
2021-07-19 00:00:00+05:30,15856.0498046875
2021-07-26 00:00:00+05:30,15763.0498046875
2021-08-02 00:00:00+05:30,16238.2001953125
2021-08-09 00:00:00+05:30,16529.099609375
2021-08-16 00:00:00+05:30,16450.5
2021-08-23 00:00:00+05:30,16705.19921875
2021-08-30 00:00:00+05:30,17323.599609375
2021-09-06 00:00:00+05:30,17369.25
2021-09-13 00:00:00+05:30,17585.150390625
2021-09-20 00:00:00+05:30,17853.19921875
2021-09-27 00:00:00+05:30,17532.05078125
2021-10-04 00:00:00+05:30,17895.19921875
2021-10-11 00:00:00+05:30,18338.55078125
2021-10-18 00:00:00+05:30,18114.900390625
2021-10-25 00:00:00+05:30,17671.650390625
2021-11-01 00:00:00+05:30,17916.80078125
2021-11-08 00:00:00+05:30,18102.75
2021-11-15 00:00:00+05:30,17764.80078125
2021-11-22 00:00:00+05:30,17026.44921875
2021-11-29 00:00:00+05:30,17196.69921875
2021-12-06 00:00:00+05:30,17511.30078125
2021-12-13 00:00:00+05:30,16985.19921875
2021-12-20 00:00:00+05:30,17003.75
2021-12-27 00:00:00+05:30,17354.05078125
2022-01-03 00:00:00+05:30,17812.69921875
2022-01-10 00:00:00+05:30,18255.75
2022-01-17 00:00:00+05:30,17617.150390625
2022-01-24 00:00:00+05:30,17101.94921875
2022-01-31 00:00:00+05:30,17516.30078125
2022-02-07 00:00:00+05:30,17374.75
2022-02-14 00:00:00+05:30,17276.30078125
2022-02-21 00:00:00+05:30,16658.400390625
2022-02-28 00:00:00+05:30,16245.349609375
2022-03-07 00:00:00+05:30,16630.44921875
2022-03-14 00:00:00+05:30,17287.05078125
2022-03-21 00:00:00+05:30,17153.0
2022-03-28 00:00:00+05:30,17670.44921875
2022-04-04 00:00:00+05:30,17784.349609375
2022-04-11 00:00:00+05:30,17475.650390625
2022-04-18 00:00:00+05:30,17171.94921875
2022-04-25 00:00:00+05:30,17102.55078125
2022-05-02 00:00:00+05:30,16411.25
2022-05-09 00:00:00+05:30,15782.150390625
2022-05-16 00:00:00+05:30,16266.150390625
2022-05-23 00:00:00+05:30,16352.4501953125
2022-05-30 00:00:00+05:30,16584.30078125
2022-06-06 00:00:00+05:30,16201.7998046875
2022-06-13 00:00:00+05:30,15293.5
2022-06-20 00:00:00+05:30,15699.25
2022-06-27 00:00:00+05:30,15752.0498046875
2022-07-04 00:00:00+05:30,16220.599609375
2022-07-11 00:00:00+05:30,16049.2001953125
2022-07-18 00:00:00+05:30,16719.44921875
2022-07-25 00:00:00+05:30,17158.25
2022-08-01 00:00:00+05:30,17397.5
2022-08-08 00:00:00+05:30,17698.150390625
2022-08-15 00:00:00+05:30,17758.44921875
2022-08-22 00:00:00+05:30,17558.900390625
2022-08-29 00:00:00+05:30,17539.44921875
2022-09-05 00:00:00+05:30,17833.349609375
2022-09-12 00:00:00+05:30,17530.849609375
2022-09-19 00:00:00+05:30,17327.349609375
2022-09-26 00:00:00+05:30,17094.349609375
2022-10-03 00:00:00+05:30,17314.650390625
2022-10-10 00:00:00+05:30,17185.69921875
2022-10-17 00:00:00+05:30,17576.30078125
2022-10-24 00:00:00+05:30,17786.80078125
2022-10-31 00:00:00+05:30,18117.150390625
2022-11-07 00:00:00+05:30,18349.69921875
2022-11-14 00:00:00+05:30,18307.650390625
2022-11-21 00:00:00+05:30,18512.75
2022-11-28 00:00:00+05:30,18696.099609375
2022-12-05 00:00:00+05:30,18496.599609375
2022-12-12 00:00:00+05:30,18269.0
2022-12-19 00:00:00+05:30,17806.80078125
2022-12-26 00:00:00+05:30,18105.30078125
2023-01-02 00:00:00+05:30,17859.44921875
2023-01-09 00:00:00+05:30,17956.599609375
2023-01-16 00:00:00+05:30,18027.650390625
2023-01-23 00:00:00+05:30,17604.349609375
2023-01-30 00:00:00+05:30,17854.05078125
2023-02-06 00:00:00+05:30,17856.5
2023-02-13 00:00:00+05:30,17944.19921875
2023-02-20 00:00:00+05:30,17465.80078125
2023-02-27 00:00:00+05:30,17594.349609375
2023-03-06 00:00:00+05:30,17412.900390625
2023-03-13 00:00:00+05:30,17100.05078125
2023-03-20 00:00:00+05:30,16945.05078125
2023-03-27 00:00:00+05:30,17359.75
2023-04-03 00:00:00+05:30,17599.150390625
2023-04-10 00:00:00+05:30,17828.0
2023-04-17 00:00:00+05:30,17624.05078125
2023-04-24 00:00:00+05:30,18065.0
2023-05-01 00:00:00+05:30,18069.0
2023-05-08 00:00:00+05:30,18314.80078125
2023-05-15 00:00:00+05:30,18203.400390625
2023-05-22 00:00:00+05:30,18499.349609375
2023-05-29 00:00:00+05:30,18534.099609375
2023-06-05 00:00:00+05:30,18563.400390625
2023-06-12 00:00:00+05:30,18826.0
2023-06-19 00:00:00+05:30,18665.5
2023-06-26 00:00:00+05:30,19189.05078125
2023-07-03 00:00:00+05:30,19331.80078125
2023-07-10 00:00:00+05:30,19564.5
2023-07-17 00:00:00+05:30,19745.0
2023-07-24 00:00:00+05:30,19646.05078125
2023-07-31 00:00:00+05:30,19517.0
2023-08-07 00:00:00+05:30,19428.30078125
2023-08-14 00:00:00+05:30,19310.150390625
2023-08-21 00:00:00+05:30,19265.80078125
2023-08-28 00:00:00+05:30,19435.30078125
2023-09-04 00:00:00+05:30,19819.94921875
2023-09-11 00:00:00+05:30,20192.349609375
2023-09-18 00:00:00+05:30,19674.25
2023-09-25 00:00:00+05:30,19638.30078125
2023-10-02 00:00:00+05:30,19653.5
2023-10-09 00:00:00+05:30,19751.05078125
2023-10-16 00:00:00+05:30,19542.650390625
2023-10-23 00:00:00+05:30,19047.25
2023-10-30 00:00:00+05:30,19230.599609375
2023-11-06 00:00:00+05:30,19425.349609375
2023-11-13 00:00:00+05:30,19731.80078125
2023-11-20 00:00:00+05:30,19794.69921875
2023-11-27 00:00:00+05:30,20267.900390625
2023-12-04 00:00:00+05:30,20969.400390625
2023-12-11 00:00:00+05:30,21456.650390625
2023-12-18 00:00:00+05:30,21349.400390625
2023-12-25 00:00:00+05:30,21731.400390625
2024-01-01 00:00:00+05:30,21710.80078125
2024-01-08 00:00:00+05:30,21894.55078125
2024-01-15 00:00:00+05:30,21622.400390625
2024-01-22 00:00:00+05:30,21352.599609375
2024-01-29 00:00:00+05:30,21853.80078125
2024-02-05 00:00:00+05:30,21782.5
2024-02-12 00:00:00+05:30,22040.69921875
2024-02-19 00:00:00+05:30,22212.69921875
2024-02-26 00:00:00+05:30,22338.75
2024-03-04 00:00:00+05:30,22493.55078125
2024-03-11 00:00:00+05:30,22023.349609375
2024-03-18 00:00:00+05:30,22096.75
2024-03-25 00:00:00+05:30,22326.900390625
2024-04-01 00:00:00+05:30,22513.69921875
2024-04-08 00:00:00+05:30,22519.400390625
2024-04-15 00:00:00+05:30,22147.0
2024-04-22 00:00:00+05:30,22419.94921875
2024-04-29 00:00:00+05:30,22475.849609375
2024-05-06 00:00:00+05:30,22055.19921875
2024-05-13 00:00:00+05:30,22466.099609375
2024-05-20 00:00:00+05:30,22957.099609375
2024-05-27 00:00:00+05:30,22530.69921875
2024-06-03 00:00:00+05:30,23290.150390625
2024-06-10 00:00:00+05:30,23465.599609375
2024-06-17 00:00:00+05:30,23501.099609375
2024-06-24 00:00:00+05:30,24010.599609375
2024-07-01 00:00:00+05:30,24323.849609375
2024-07-08 00:00:00+05:30,24502.150390625
2024-07-15 00:00:00+05:30,24530.900390625
2024-07-22 00:00:00+05:30,24834.849609375
2024-07-29 00:00:00+05:30,24717.69921875
2024-08-05 00:00:00+05:30,24367.5
2024-08-12 00:00:00+05:30,24541.150390625
2024-08-19 00:00:00+05:30,24823.150390625
2024-08-26 00:00:00+05:30,25235.900390625
2024-09-02 00:00:00+05:30,24852.150390625
2024-09-09 00:00:00+05:30,25356.5
2024-09-16 00:00:00+05:30,25790.94921875
2024-09-23 00:00:00+05:30,26178.94921875
2024-09-30 00:00:00+05:30,25014.599609375
2024-10-07 00:00:00+05:30,24964.25
2024-10-14 00:00:00+05:30,24854.05078125
2024-10-21 00:00:00+05:30,24180.80078125
2024-10-28 00:00:00+05:30,24304.349609375
2024-11-04 00:00:00+05:30,24148.19921875
2024-11-11 00:00:00+05:30,23532.69921875
2024-11-18 00:00:00+05:30,23907.25
2024-11-25 00:00:00+05:30,24131.099609375
2024-12-02 00:00:00+05:30,24677.80078125
2024-12-09 00:00:00+05:30,24768.30078125
2024-12-16 00:00:00+05:30,23587.5
2024-12-23 00:00:00+05:30,23813.400390625
2024-12-30 00:00:00+05:30,24004.75
2025-01-06 00:00:00+05:30,23431.5
2025-01-13 00:00:00+05:30,23203.19921875
2025-01-20 00:00:00+05:30,23092.19921875
2025-01-27 00:00:00+05:30,23482.150390625
2025-02-03 00:00:00+05:30,23559.94921875
2025-02-10 00:00:00+05:30,22929.25
2025-02-17 00:00:00+05:30,22795.900390625
2025-02-24 00:00:00+05:30,22124.69921875
2025-03-03 00:00:00+05:30,22552.5
2025-03-10 00:00:00+05:30,22397.19921875
2025-03-17 00:00:00+05:30,23350.400390625
2025-03-24 00:00:00+05:30,23519.349609375
2025-03-31 00:00:00+05:30,22904.44921875
2025-04-07 00:00:00+05:30,22828.55078125
2025-04-14 00:00:00+05:30,23851.650390625
2025-04-21 00:00:00+05:30,24039.349609375
2025-04-28 00:00:00+05:30,24346.69921875
2025-05-05 00:00:00+05:30,24008.0
2025-05-12 00:00:00+05:30,25019.80078125
2025-05-19 00:00:00+05:30,24853.150390625
2025-05-26 00:00:00+05:30,24750.69921875
2025-06-02 00:00:00+05:30,25003.05078125
2025-06-09 00:00:00+05:30,24718.599609375
2025-06-16 00:00:00+05:30,25112.400390625
2025-06-23 00:00:00+05:30,25637.80078125
2025-06-30 00:00:00+05:30,25461.0
2025-07-07 00:00:00+05:30,25149.849609375
2025-07-14 00:00:00+05:30,24968.400390625
2025-07-21 00:00:00+05:30,24837.0
2025-07-28 00:00:00+05:30,24565.349609375
2025-08-04 00:00:00+05:30,24363.30078125
2025-08-11 00:00:00+05:30,24631.30078125
2025-08-18 00:00:00+05:30,24870.099609375
2025-08-25 00:00:00+05:30,24426.849609375
2025-09-01 00:00:00+05:30,24741.0
2025-09-08 00:00:00+05:30,25114.0
2025-09-15 00:00:00+05:30,25327.05078125
2025-09-22 00:00:00+05:30,24654.69921875
2025-09-29 00:00:00+05:30,24894.25
2025-10-06 00:00:00+05:30,25285.349609375
2025-10-13 00:00:00+05:30,25709.849609375
2025-10-20 00:00:00+05:30,25795.150390625
2025-10-27 00:00:00+05:30,25722.099609375
2025-11-03 00:00:00+05:30,25492.30078125
2025-11-10 00:00:00+05:30,25910.05078125
2025-11-17 00:00:00+05:30,26068.150390625
2025-11-24 00:00:00+05:30,26202.94921875
2025-12-01 00:00:00+05:30,26186.44921875
2025-12-08 00:00:00+05:30,26046.94921875
2025-12-15 00:00:00+05:30,25966.400390625
2025-12-22 00:00:00+05:30,26042.30078125
2025-12-29 00:00:00+05:30,26328.55078125
2026-01-05 00:00:00+05:30,25683.30078125
2026-01-12 00:00:00+05:30,25694.349609375
2026-01-19 00:00:00+05:30,25048.650390625
2026-01-26 00:00:00+05:30,24825.44921875
2026-02-02 00:00:00+05:30,25693.69921875
2026-02-09 00:00:00+05:30,25471.099609375
2026-02-16 00:00:00+05:30,25571.25
2026-02-23 00:00:00+05:30,25178.650390625
2026-03-02 00:00:00+05:30,24450.44921875
2026-03-09 00:00:00+05:30,23151.099609375
2026-03-16 00:00:00+05:30,23114.5
2026-03-23 00:00:00+05:30,22819.599609375
2026-03-30 00:00:00+05:30,22713.099609375
2026-04-06 00:00:00+05:30,24050.599609375
2026-04-13 00:00:00+05:30,24353.55078125
2026-04-20 00:00:00+05:30,23897.94921875
2026-04-27 00:00:00+05:30,23997.55078125
2026-05-04 00:00:00+05:30,24176.150390625
2026-05-11 00:00:00+05:30,23643.5
2026-05-18 00:00:00+05:30,23719.30078125
2026-05-25 00:00:00+05:30,23547.75
2026-06-01 00:00:00+05:30,23366.69921875
2026-06-08 00:00:00+05:30,23622.900390625
2026-06-15 00:00:00+05:30,24013.099609375
2026-06-22 00:00:00+05:30,24056.0
2026-06-29 00:00:00+05:30,24270.849609375
2026-07-06 00:00:00+05:30,24206.900390625
2026-07-13 00:00:00+05:30,24334.30078125
2026-07-20 00:00:00+05:30,23767.44921875
2026-07-27 00:00:00+05:30,24383.599609375
2026-08-03 00:00:00+05:30,24570.650390625
2026-08-10 00:00:00+05:30,24366.0
2026-08-17 00:00:00+05:30,24252.0
2026-08-24 00:00:00+05:30,24175.650390625
2026-08-31 00:00:00+05:30,23897.69921875
